glyph_unicode,logograph,syllable,transliteration,english_gloss,provenance,notes
U+12081,AJAW,—,ajaw,lord/ruler,Copán Altar Q,most common royal title
U+1204B,—,ma,ma,phonetic ma,Dresden Codex p.23,syllabic sign
U+120E2,K'IN,—,k'in,sun/day,Palenque Temple of Sun,temporal marker
U+12000,—,a,a,phonetic a,Dresden Codex p.25,vowel sign
U+12001,—,e,e,phonetic e,Paris Codex p.11,vowel sign
U+12002,—,i,i,phonetic i,Madrid Codex p.34,vowel sign
U+12003,—,o,o,phonetic o,Dresden Codex p.41,vowel sign
U+12004,—,u,u,phonetic u,Paris Codex p.19,vowel sign
U+1204D,—,ba,ba,phonetic ba,Quiriguá Stela E,consonant-vowel
U+1204E,—,be,be,phonetic be,Copán Hieroglyphic Stairway,consonant-vowel
U+1204F,—,bi,bi,phonetic bi,Yaxchilan Lintel 25,consonant-vowel
U+12050,—,bo,bo,phonetic bo,Pakal's Sarcophagus,consonant-vowel
U+12051,—,bu,bu,phonetic bu,Dresden Codex p.67,consonant-vowel
U+12052,—,cha,cha,phonetic cha,Bonampak Room 1,consonant-vowel
U+12053,—,che,che,phonetic che,Madrid Codex p.12,consonant-vowel
U+12054,—,chi,chi,phonetic chi,Paris Codex p.23,consonant-vowel
U+12055,—,cho,cho,phonetic cho,Dresden Codex p.15,consonant-vowel
U+12056,—,chu,chu,phonetic chu,Copán Temple 22,consonant-vowel
U+12057,—,ja,ja,phonetic ja,Yaxchilan Lintel 24,consonant-vowel
U+12058,—,je,je,phonetic je,Dresden Codex p.33,consonant-vowel
U+12059,—,ji,ji,phonetic ji,Madrid Codex p.56,consonant-vowel
U+1205A,—,jo,jo,phonetic jo,Paris Codex p.7,consonant-vowel
U+1205B,—,ju,ju,phonetic ju,Dresden Codex p.28,consonant-vowel
U+1205C,—,ka,ka,phonetic ka,Quiriguá Stela D,consonant-vowel
U+1205D,—,ke,ke,phonetic ke,Copán Altar Q,consonant-vowel
U+1205E,—,ki,ki,phonetic ki,Yaxchilan Lintel 26,consonant-vowel
U+1205F,—,ko,ko,phonetic ko,Dresden Codex p.45,consonant-vowel
U+12060,—,ku,ku,phonetic ku,Madrid Codex p.78,consonant-vowel
U+12061,—,la,la,phonetic la,Palenque Palace Tablet,consonant-vowel
U+12062,—,le,le,phonetic le,Dresden Codex p.39,consonant-vowel
U+12063,—,li,li,phonetic li,Paris Codex p.13,consonant-vowel
U+12064,—,lo,lo,phonetic lo,Madrid Codex p.91,consonant-vowel
U+12065,—,lu,lu,phonetic lu,Dresden Codex p.52,consonant-vowel
U+12066,—,na,na,phonetic na,Copán Stela A,consonant-vowel
U+12067,—,ne,ne,phonetic ne,Yaxchilan Lintel 23,consonant-vowel
U+12068,—,ni,ni,phonetic ni,Dresden Codex p.17,consonant-vowel
U+12069,—,no,no,phonetic no,Madrid Codex p.43,consonant-vowel
U+1206A,—,nu,nu,phonetic nu,Paris Codex p.21,consonant-vowel
U+1206B,—,pa,pa,phonetic pa,Quiriguá Stela F,consonant-vowel
U+1206C,—,pe,pe,phonetic pe,Dresden Codex p.29,consonant-vowel
U+1206D,—,pi,pi,phonetic pi,Copán Hieroglyphic Stairway,consonant-vowel
U+1206E,—,po,po,phonetic po,Yaxchilan Structure 33,consonant-vowel
U+1206F,—,pu,pu,phonetic pu,Madrid Codex p.67,consonant-vowel
U+12070,—,sa,sa,phonetic sa,Dresden Codex p.31,consonant-vowel
U+12071,—,se,se,phonetic se,Paris Codex p.15,consonant-vowel
U+12072,—,si,si,phonetic si,Madrid Codex p.89,consonant-vowel
U+12073,—,so,so,phonetic so,Dresden Codex p.48,consonant-vowel
U+12074,—,su,su,phonetic su,Copán Stela N,consonant-vowel
U+12075,—,ta,ta,phonetic ta,Yaxchilan Lintel 1,consonant-vowel
U+12076,—,te,te,phonetic te,Dresden Codex p.35,consonant-vowel
U+12077,—,ti,ti,phonetic ti,Madrid Codex p.24,consonant-vowel
U+12078,—,to,to,phonetic to,Paris Codex p.9,consonant-vowel
U+12079,—,tu,tu,phonetic tu,Dresden Codex p.19,consonant-vowel
U+1207A,—,wa,wa,phonetic wa,Quiriguá Stela C,consonant-vowel
U+1207B,—,we,we,phonetic we,Copán Ball Court,consonant-vowel
U+1207C,—,wi,wi,phonetic wi,Yaxchilan Lintel 8,consonant-vowel
U+1207D,—,wo,wo,phonetic wo,Dresden Codex p.21,consonant-vowel
U+1207E,—,wu,wu,phonetic wu,Madrid Codex p.37,consonant-vowel
U+1207F,—,ya,ya,phonetic ya,Paris Codex p.17,consonant-vowel
U+12080,—,ye,ye,phonetic ye,Dresden Codex p.44,consonant-vowel
U+12082,—,yo,yo,phonetic yo,Copán Stela H,consonant-vowel
U+12083,—,yu,yu,phonetic yu,Yaxchilan Lintel 17,consonant-vowel
U+12084,BALAM,—,balam,jaguar,Copán Altar Q,royal epithet
U+12085,—,tza,tza,phonetic tza,Dresden Codex p.26,consonant-vowel
U+12086,—,tze,tze,phonetic tze,Madrid Codex p.58,consonant-vowel
U+12087,—,tzi,tzi,phonetic tzi,Paris Codex p.12,consonant-vowel
U+12088,—,tzo,tzo,phonetic tzo,Dresden Codex p.37,consonant-vowel
U+12089,—,tzu,tzu,phonetic tzu,Copán Stela B,consonant-vowel
U+1208A,IX,—,ix,lady/woman,Yaxchilan Lintel 24,female title
U+1208B,WINIK,—,winik,person/man,Quiriguá Stela E,human classifier
U+1208C,ITZAM,—,itzam,iguana/creator deity,Dresden Codex p.4,divine name
U+1208D,K'INICH,—,k'inich,sun-faced lord,Palenque Palace Tablet,solar epithet
U+1208E,K'UH,—,k'uh,god/sacred,Copán Hieroglyphic Stairway,divine marker
U+1208F,CHAN,—,chan,sky/heaven,Yaxchilan Structure 33,celestial realm
U+12090,KAB,—,kab,earth/land,Dresden Codex p.74,terrestrial realm
U+12091,NAH,—,nah,house/building,Madrid Codex p.16,architectural
U+12092,OTOT,—,otot,house/home,Paris Codex p.20,domestic space
U+12093,YAX,—,yax,green/first/precious,Copán Stela D,color/quality
U+12094,SAK,—,sak,white/pure,Yaxchilan Lintel 25,color/quality
U+12095,EK',—,ek',black/dark,Dresden Codex p.12,color/quality
U+12096,CHAK,—,chak,red/great,Madrid Codex p.29,color/rain deity
U+12097,K'AN,—,k'an,yellow/ripe,Paris Codex p.18,color/maize
U+12098,IK',—,ik',wind/breath,Dresden Codex p.35,natural force
U+12099,AKBAL,—,akbal,night/darkness,Madrid Codex p.41,temporal
U+1209A,K'AN,—,k'an,yellow/precious,Paris Codex p.22,day sign
U+1209B,CHIKCHAN,—,chikchan,serpent,Dresden Codex p.28,day sign
U+1209C,KIMI,—,kimi,death,Madrid Codex p.15,day sign
U+1209D,MANIK',—,manik',deer/hand,Paris Codex p.8,day sign
U+1209E,LAMAT,—,lamat,rabbit/Venus,Dresden Codex p.46,day sign
U+1209F,MULUK,—,muluk,water/jade,Madrid Codex p.72,day sign
U+120A0,OK,—,ok,dog/foot,Paris Codex p.14,day sign
U+120A1,CHUEN,—,chuen,monkey/artisan,Dresden Codex p.38,day sign
U+120A2,EB,—,eb,tooth/grass,Madrid Codex p.61,day sign
U+120A3,BEN,—,ben,reed/growing maize,Paris Codx p.25,day sign
U+120A4,IX,—,ix,jaguar,Dresden Codex p.33,day sign
U+120A5,MEN,—,men,eagle/wise,Madrid Codex p.84,day sign
U+120A6,KIB,—,kib,wax/vulture,Paris Codex p.11,day sign
U+120A7,KABAN,—,kaban,earth/earthquake,Dresden Codex p.27,day sign
U+120A8,ETZ'NAB,—,etz'nab,flint knife,Madrid Codex p.93,day sign
U+120A9,KAWAK,—,kawak,storm/rain,Paris Codex p.6,day sign
U+120AA,AJAW,—,ajaw,lord/flower,Dresden Codex p.49,day sign
U+120AB,IMIX,—,imix,water lily/crocodile,Madrid Codex p.18,day sign
U+120AC,TUN,—,tun,stone/year,Copán Stela A,calendar stone
U+120AD,WINAL,—,winal,month/20 days,Quiriguá Stela D,calendar period
U+120AE,HAAB,—,haab,year/365 days,Yaxchilan Lintel 21,calendar year
U+120AF,TZOLK'IN,—,tzolk'in,sacred calendar,Dresden Codex p.24,260-day cycle
U+120B0,LONG_COUNT,—,—,long count,Quiriguá Stela E,absolute dating
U+120B1,POP,—,pop,mat/first month,Madrid Codex p.34,month name
U+120B2,WO,—,wo,frog/second month,Paris Codex p.16,month name
U+120B3,SIP,—,sip,red/third month,Dresden Codex p.30,month name
U+120B4,SOTZ',—,sotz',bat/fourth month,Madrid Codex p.47,month name
U+120B5,TZEK,—,tzek,skull/fifth month,Paris Codex p.24,month name
U+120B6,XUL,—,xul,dog/sixth month,Dresden Codex p.36,month name
U+120B7,YAXK'IN,—,yaxk'in,green sun/seventh month,Madrid Codex p.55,month name
U+120B8,MOL,—,mol,water/eighth month,Paris Codex p.10,month name
U+120B9,CH'EN,—,ch'en,cave/ninth month,Dresden Codex p.42,month name
U+120BA,YAX,—,yax,green/tenth month,Madrid Codex p.68,month name
U+120BB,SAK,—,sak,white/eleventh month,Paris Codex p.19,month name
U+120BC,KEH,—,keh,deer/twelfth month,Dresden Codex p.25,month name
U+120BD,MAK,—,mak,enclosure/thirteenth month,Madrid Codex p.39,month name
U+120BE,K'ANK'IN,—,k'ank'in,yellow sun/fourteenth month,Paris Codex p.23,month name
U+120BF,MUWAN,—,muwan,owl/fifteenth month,Dresden Codex p.47,month name
U+120C0,PAX,—,pax,planting time/sixteenth month,Madrid Codex p.76,month name
U+120C1,K'AYAB,—,k'ayab,turtle/seventeenth month,Paris Codex p.13,month name
U+120C2,KUMK'U,—,kumk'u,granary/eighteenth month,Dresden Codex p.32,month name
U+120C3,WAYAB,—,wayab,ghost/unlucky days,Madrid Codex p.51,5 unlucky days
U+120C4,TI,—,ti,at/locative,Copán Hieroglyphic Stairway,preposition
U+120C5,TA,—,ta,from/ablative,Yaxchilan Lintel 26,preposition
U+120C6,ICHIL,—,ichil,within/inside,Palenque Cross Group,locative
U+120C7,YOK,—,yok,over/above,Quiriguá Stela A,locative
U+120C8,XAM,—,xam,north,Dresden Codex p.23,directional
U+120C9,NOHOL,—,nohol,south,Madrid Codex p.31,directional
U+120CA,CHIK'IN,—,chik'in,west,Paris Codex p.7,directional
U+120CB,LAK'IN,—,lak'in,east,Dresden Codex p.40,directional
U+120CC,U,—,u,his/her/its,Copán Stela N,possessive pronoun
U+120CD,Y,—,y,his/her/its,Yaxchilan Lintel 24,possessive pronoun
U+120CE,I,—,i,he/she/it,Palenque Temple XIX,personal pronoun
U+120CF,A,—,a,your/you,Quiriguá Altar P,personal pronoun
U+120D0,PAKAL,—,pakal,shield,Palenque Sarcophagus,royal name
U+120D1,ITZAMNAAJ,—,itzamnaaj,Itzamna house,Copán Temple 22,creator deity
U+120D2,CHAAK,—,chaak,rain deity,Copán Hieroglyphic Stairway,rain god
U+120D3,K'INICH_JANAAB_PAKAL,—,k'inich janaab pakal,sun-faced shield lord,Palenque Palace Tablet,Pakal's full name
U+120D4,JASAW_CHAN_K'AWIIL,—,jasaw chan k'awiil,clearer of sky K'awiil,Tikal Temple I,Tikal ruler name
U+120D5,ITZAMNAAJ_B'ALAM,—,itzamnaaj b'alam,Itzamna jaguar,Yaxchilan Lintel 25,Yaxchilan ruler name
U+120D6,WAYAB,—,wayab,unlucky days,Madrid Codex p.44,calendar period
U+120D7,—,**kab**,kab,earth/hand,Copán Hieroglyphic Stairway Step 12,syllable
U+120D8,—,**nal**,nal,corn/place,Palenque Palace Tablet,syllable
U+120D9,**ITZAM**,—,itzam,lizard/crocodile,Quiriguá Monument 6,deity name
U+120DA,**K'AWIL**,—,k'awil,abundance god,Palenque Cross Group,deity name
U+120DB,**CHAAK**,—,chaak,rain god,Copán Altar Q,deity name
U+120DC,**WAYAB**,**way**,way,dream/vision,Madrid Codex p.87,supernatural concept
U+120DD,**EK'**,—,ek',star/darkness,Dresden Codex Venus Tables,astronomical
U+120DE,**NOJ**,—,noj,big/great,Yaxchilan Lintel 25,adjective
U+120DF,**CHAN**,—,chan,sky/four,Palenque Temple of Inscriptions,numeral/cosmic
U+120E0,**YAX**,—,yax,first/green/precious,Copán Stela A,color/order
U+120E1,**EK**,—,ek,black/dark,Quiriguá Stela E,color
U+120E2,**CHAK**,—,chak,red/great,Dresden Codex p.12,color/size
U+120E3,**IK**,—,ik,wind/breath,Madrid Codex p.34,element
U+120E4,—,**tz'a**,tz'a,phonetic syllable,Naranjo Stela 30,syllable
U+120E5,—,**tz'e**,tz'e,phonetic syllable,Caracol Altar 13,syllable
U+120E6,—,**tz'i**,tz'i,phonetic syllable,Tikal Temple IV Lintel 3,syllable
U+120E7,—,**tz'o**,tz'o,phonetic syllable,Yaxchilan Lintel 8,syllable
U+120E8,—,**tz'u**,tz'u,phonetic syllable,Palenque Tablet of the Slaves,syllable
U+120E9,—,**ch'a**,ch'a,phonetic syllable,Copán Structure 26 Hieroglyphic Stairway,syllable
U+120EA,—,**ch'e**,ch'e,phonetic syllable,Quiriguá Stela F,syllable
U+120EB,—,**ch'i**,ch'i,phonetic syllable,Dresden Codex p.58,syllable
U+120EC,—,**ch'o**,ch'o,phonetic syllable,Madrid Codex p.91,syllable
U+120ED,—,**ch'u**,ch'u,phonetic syllable,Paris Codex p.7,syllable
U+120EE,—,**k'a**,k'a,phonetic syllable,Bonampak Room 1,syllable
U+120EF,—,**k'e**,k'e,phonetic syllable,Lacanha Stela 1,syllable
U+120F0,—,**k'i**,k'i,phonetic syllable,El Cayo Altar 4,syllable
U+120F1,—,**k'o**,k'o,phonetic syllable,La Corona Panel 1,syllable
U+120F2,—,**k'u**,k'u,phonetic syllable,Tortuguero Monument 6,syllable
U+120F3,—,**p'a**,p'a,phonetic syllable,Aguateca Stela 2,syllable
U+120F4,—,**p'e**,p'e,phonetic syllable,Dos Pilas Stela 8,syllable
U+120F5,—,**p'i**,p'i,phonetic syllable,Seibal Stela 10,syllable
U+120F6,—,**p'o**,p'o,phonetic syllable,Altar de Sacrificios Stela 16,syllable
U+120F7,—,**p'u**,p'u,phonetic syllable,Machaquila Stela 2,syllable
U+120F8,—,**t'a**,t'a,phonetic syllable,Itzimte Stela 4,syllable
U+120F9,—,**t'e**,t'e,phonetic syllable,Ucanal Stela 4,syllable
U+120FA,—,**t'i**,t'i,phonetic syllable,La Amelia Stela 1,syllable
U+120FB,—,**t'o**,t'o,phonetic syllable,El Zapote Stela 5,syllable
U+120FC,—,**t'u**,t'u,phonetic syllable,Jimbal Stela 1,syllable
U+120FD,**MUWAAN**,—,muwaan,hawk/bird of prey,Copán Ballcourt Marker A,animal/deity
U+120FE,**AKBAL**,—,akbal,night/darkness,Dresden Codex day signs,day name
U+120FF,**K'AN**,—,k'an,yellow/ripe corn,Madrid Codex day signs,day name
U+12100,**CHIKCHAN**,—,chikchan,serpent,Paris Codex day signs,day name
U+12101,**KIMI**,—,kimi,death,Dresden Codex death god,day name
U+12102,**MANIK**,—,manik,deer/hand,Copán day name glyphs,day name
U+12103,**LAMAT**,—,lamat,Venus/rabbit,Madrid Codex Venus cycle,day name
U+12104,**MULUK**,—,muluk,water/jade,Paris Codex water rituals,day name
U+12105,**OOK**,—,ook,dog,Dresden Codex animal almanacs,day name
U+12106,**CHUWEN**,—,chuwen,monkey/artisan,Madrid Codex artisan scenes,day name
U+12107,**EB**,—,eb,road/rain,Paris Codex road ceremonies,day name
U+12108,**BEN**,—,ben,growing corn,Dresden Codex agricultural almanacs,day name
U+12109,**IX**,—,ix,jaguar/shaman,Madrid Codex jaguar god,day name
U+1210A,**MEN**,—,men,eagle/wise woman,Paris Codex eagle warriors,day name
U+1210B,**KIB**,—,kib,wax/vulture,Dresden Codex bee god,day name
U+1210C,**KABAN**,—,kaban,earth/earthquake,Madrid Codex earth ceremonies,day name
U+1210D,**ETZ'NAB**,—,etz'nab,flint knife,Paris Codex sacrifice scenes,day name
U+1210E,**KAWAK**,—,kawak,storm/rain,Dresden Codex storm god,day name
U+1210F,**AJAW**,—,ajaw,lord/flower,Copán Emblem Glyph,day name/title
U+12110, **WINAL**,—,winal,twenty-day period,Dresden Codex calendar,time period
U+12111,**TUN**,—,tun,360-day year,Madrid Codex Long Count,time period
U+12112,**K'ATUN**,—,k'atun,twenty-year period,Paris Codex calendar rounds,time period
U+12113,**BAKTUN**,—,baktun,400-year period,Quiriguá Stela E Long Count,time period
U+12114,**PIKTUN**,—,piktun,8000-year period,Coba Stela 1,time period
U+12115,**KALABTUN**,—,kalabtun,160000-year period,Coba Stela 1,time period
U+12116,**K'INCHILTUN**,—,k'inchiltun,3.2M-year period,Coba Stela 1,time period
U+12117,**ALAUTUN**,—,alautun,64M-year period,Coba Stela 1,time period
U+12118,—,**ba**,ba,gopher/phonetic,Tonina Monument 196,syllable/animal
U+12119,—,**be**,be,road/phonetic,Yaxchilan Structure 44 Step VII,syllable
U+1211A,—,**bi**,bi,phonetic syllable,Naranjo Stela 24,syllable
U+1211B,—,**bo**,bo,phonetic syllable,Caracol Stela 6,syllable
U+1211C,—,**bu**,bu,phonetic syllable,Tikal Stela 31,syllable
U+1211D,—,**da**,da,phonetic syllable,Copán Structure 11 Reviewing Stand,syllable
U+1211E,—,**de**,de,phonetic syllable,Quiriguá Zoomorph P,syllable
U+1211F,—,**di**,di,phonetic syllable,Dresden Codex eclipse tables,syllable
U+12120,—,**do**,do,phonetic syllable,Madrid Codex rain ceremonies,syllable
U+12121,—,**du**,du,phonetic syllable,Paris Codex ritual sequences,syllable
U+12122,—,**ga**,ga,phonetic syllable,Bonampak Room 2 battle scene,syllable
U+12123,—,**ge**,ge,phonetic syllable,Lacanha Lintel 1,syllable
U+12124,—,**gi**,gi,phonetic syllable,El Cayo Lintel 1,syllable
U+12125,—,**go**,go,phonetic syllable,La Corona Element 56,syllable
U+12126,—,**gu**,gu,phonetic syllable,Tortuguero Monument 8,syllable
U+12127,—,**ja**,ja,phonetic syllable,Aguateca Hieroglyphic Stairway,syllable
U+12128,—,**je**,je,phonetic syllable,Dos Pilas Panel 19,syllable
U+12129,—,**ji**,ji,phonetic syllable,Seibal Stela 11,syllable
U+1212A,—,**jo**,jo,phonetic syllable,Altar de Sacrificios Stela 2,syllable
U+1212B,—,**ju**,ju,phonetic syllable,Machaquila Stela 5,syllable
U+1212C,—,**ra**,ra,phonetic syllable,Itzimte Stela 17,syllable
U+1212D,—,**re**,re,phonetic syllable,Ucanal Stela 19,syllable
U+1212E,—,**ri**,ri,phonetic syllable,La Amelia Hieroglyphic Stairway,syllable
U+1212F,—,**ro**,ro,phonetic syllable,El Zapote Stela 1,syllable
U+12130,—,**ru**,ru,phonetic syllable,Jimbal Hieroglyphic Stairway,syllable
U+12131,—,**wa**,wa,phonetic syllable,Copán Ballcourt IIB,syllable
U+12132,—,**we**,we,phonetic syllable,Dresden Codex lunar series,syllable
U+12133,—,**wi**,wi,phonetic syllable,Madrid Codex hunting scenes,syllable
U+12134,—,**wo**,wo,phonetic syllable,Paris Codex katun ceremonies,syllable
U+12135,—,**wu**,wu,phonetic syllable,Bonampak Room 3 captive scene,syllable
U+12136,**WINIK**,—,winik,person/twenty,Lacanha Stela 2,person/number
U+12137,**ITZAM**,—,itzam,crocodile/universe,Quiriguá Stela A,cosmic deity
U+12138,**KAB**,—,kab,earth/bee/honey,El Cayo Panel 1,earth/substance
U+12139,**KUK**,—,kuk,quetzal feather,La Corona Panel 6,precious item
U+1213A,**AJAW-te**,—,ajaw-te,lordly tree,Tortuguero Monument 1,compound glyph
U+1213B,**BAHLAM**,—,bahlam,jaguar/warrior,Aguateca Stela 7,animal/title
U+1213C,**WAYAB**,—,wayab,spirit companion,Dos Pilas Stela 2,supernatural
U+1213D,**NAB**,—,nab,waterlily/lake,Seibal Stela 1,plant/place
U+1213E,**TZUK**,—,tzuk,to count/partition,Altar de Sacrificios Stela 1,verb
U+1213F,**MUL**,—,mul,to heap up,Machaquila Stela 1,verb
U+12140,**CHOK**,—,chok,to throw/scatter,Itzimte Stela 2,verb
U+12141,**HAB**,—,hab,year/rain,Ucanal Stela 1,time/weather
U+12142,**TZ'AP**,—,tz'ap,to set up/plant,La Amelia Panel 1,verb
U+12143,**JOY**,—,joy,to encircle/embrace,El Zapote Panel 1,verb
U+12144,**K'AL**,—,k'al,to bind/tie,Jimbal Panel 2,verb
U+12145,**CHUM**,—,chum,to sit/seat,Copán Altar L,verb/position
U+12146,**EM**,—,em,to descend,Dresden Codex god emergence,verb
U+12147,**OK**,—,ok,to enter/foot,Madrid Codex god entries,verb/body part
U+12148,**UL**,—,ul,to arrive,Paris Codex arrival scenes,verb
U+12149,**HUL**,—,hul,to arrive here,Bonampak Panel 2,verb
U+1214A,**NAH**,—,nah,house/first,Lacanha Panel 3,noun/ordinal
U+1214B,**OTOT**,—,otot,house/building,El Cayo Altar 1,noun
U+1214C,**YAX-NAH**,—,yax-nah,first house,La Corona Monument 3,compound
U+1214D,**K'UH-NAH**,—,k'uh-nah,god house/temple,Tortuguero Panel 1,compound
U+1214E,**TE'**,—,te',tree/wood,Aguateca Panel 1,plant/material
U+1214F,**TUN**,—,tun,stone/year,Dos Pilas Altar 1,material/time
U+12150,**WITZ**,—,witz,hill/mountain,Seibal Altar 1,landscape
U+12151,**HA'**,—,ha',water/rain,Altar de Sacrificios Panel 3,liquid
U+12152,**MUYAL**,—,muyal,cloud,Machaquila Panel 2,weather
U+12153,**IK'**,—,ik',wind/breath,Itzimte Panel 1,element
U+12154,**K'AK'**,—,k'ak',fire,Ucanal Panel 2,element
U+12155,**EK'**,—,ek',star/night,La Amelia Altar 1,celestial
U+12156,**NOH**,—,noh,great/big,El Zapote Altar 2,adjective
U+12157,**CHIT**,—,chit,lying down,Jimbal Altar 1,position
U+12158,**WAY**,—,way,to sleep/dream,Copán Panel A,verb
U+12159,**SIJ**,—,sij,to be born,Dresden Codex birth records,verb
U+1215A,**K'EX**,—,k'ex,to change/replace,Madrid Codex transformation,verb
U+1215B,**CHAK-CHEL**,—,chak-chel,great rainbow,Paris Codex rainbow goddess,compound deity
U+1215C,**B'OLON**,—,b'olon,nine,Copán Stela B,numeral
U+1215D,**LAHUN**,—,lahun,ten,Quiriguá Stela F,numeral
U+1215E,**BULUK**,—,buluk,eleven,Dresden Codex distance numbers,numeral
U+1215F,**LAHKA**,—,lahka,twelve,Madrid Codex calendar calculations,numeral
U+12160,**OXLAHUN**,—,oxlahun,thirteen,Paris Codex tzolkin dates,numeral
U+12161,**KANLAHUN**,—,kanlahun,fourteen,Bonampak Room 1 dates,numeral
U+12162,**HOOLAHUN**,—,hoolahun,fifteen,Lacanha Stela 1 dates,numeral
U+12163,**WAKLAHUN**,—,waklahun,sixteen,El Cayo Altar 2 dates,numeral
U+12164,**UUKLAHUN**,—,uuklahun,seventeen,La Corona Panel 2 dates,numeral
U+12165,**WAXAKLAHUN**,—,waxaklahun,eighteen,Tortuguero Monument 2 dates,numeral
U+12166,**B'OLONLAHUN**,—,b'olonlahun,nineteen,Aguateca Stela 1 dates,numeral
U+12167,**K'AL**,—,k'al,twenty,Dos Pilas Stela 1 dates,numeral
U+12168,**YAX**,**ya**,yax,first/green,Seibal Stela 14,syllable/adjective
U+12169,**AKAN**,—,akan,howler monkey,Altar de Sacrificios Stela 9,animal
U+1216A,**TZUTZ**,—,tzutz,to complete,Machaquila Stela 4,verb
U+1216B,**JAL**,—,jal,to weave,Itzimte Stela 8,verb
U+1216C,**PIK**,—,pik,skirt/petticoat,Ucanal Stela 12,clothing
U+1216D,**HUUN**,—,huun,book/paper,La Amelia Stela 3,object/material
U+1216E,**TZ'IB**,—,tz'ib,to write/paint,El Zapote Stela 3,verb
U+1216F,**AJ TZ'IB**,—,aj tz'ib,scribe,Jimbal Stela 2,occupation
U+12170,**ITZAM-YEH**,—,itzam-yeh,Itzam bird,Copán Altar M,mythological bird
U+12171,**MUWAN**,—,muwan,hawk,Dresden Codex bird almanacs,bird
U+12172,**KOOT**,—,koot,eagle,Madrid Codex raptor gods,bird
U+12173,**SUUTZ'**,—,suutz',bat,Paris Codex underworld,animal
U+12174,**OOK**,—,ook,dog,Bonampak Room 1 feast scene,animal
U+12175,**KEEL**,—,keel,parrot,Lacanha Panel 1,bird
U+12176,**AYIN**,—,ayin,crocodile,El Cayo Monument 1,reptile
U+12177,**AKAN**,—,akan,turtle,La Corona Element 53,reptile
U+12178,**NAAB**,—,naab,waterlily,Tortuguero Panel 6,plant
U+12179,**KOKOM**,—,kokom,spider monkey,Aguateca Hieroglyphic Stairway 2,animal
U+1217A,**KELEM**,—,kelem,young man,Dos Pilas Panel 15,person
U+1217B,**IXIK**,—,ixik,woman/lady,Seibal Stela 14,person
U+1217C,**K'UHUL AJAW**,—,k'uhul ajaw,holy lord,Altar de Sacrificios Stela 5,royal title
U+1217D,**KALOOMTE'**,—,kaloomte',war leader,Machaquila Stela 8,military title
U+1217E,**SAJAL**,—,sajal,subordinate lord,Itzimte Panel 2,administrative title
U+1217F,**YAJ K'AK'**,—,yaj k'ak',fire spear,Ucanal Monument 2,war god
U+12180,**SIHYAJ**,—,sihyaj,born of/gift of,La Amelia Hieroglyphic Stairway 2,name element
U+12181,**JANAHB**,—,janahb,flower,El Zapote Panel 2,plant/name element
U+12182,**YAX MUUL**,—,yax muul,first mound,Jimbal Panel 1,place name
U+12183,**BAAK**,—,baak,bone/captive,Copán Reviewing Stand,body part/war
U+12184,**NOOK**,—,nook,clothing,Dresden Codex costume deities,object
U+12185,**PATAN**,—,patan,tribute/service,Madrid Codex tribute scenes,economic
U+12186,**CH'AK**,—,ch'ak,to chop/decapitate,Paris Codex sacrifice,verb
U+12187,**CHUK**,—,chuk,to capture,Bonampak Room 2 battle,verb
U+12188,**JUB**,—,jub,to throw down,Lacanha Lintel 2,verb
U+12189,**PAKAL**,—,pakal,shield,El Cayo Hieroglyphic Panel,object/name
U+12188,CH'AM,—,ch'am,to take/receive,Yaxchilan Lintel 8,transitive verb
U+12189,CHOK,—,chok,to scatter/throw,Palenque Cross Group,ritual verb
U+1218A,JOY,—,joy,to encircle/wrap,Copán Hieroglyphic Stairway,ceremonial verb
U+1218B,JULIY,—,juliy,to arrive here,Tikal Stela 31,motion verb
U+1218C,KAL,—,kal,to bind/tie,Bonampak murals,binding verb
U+1218D,TZUTZ,—,tzutz,to complete/finish,Dresden Codex Venus Table,completion verb
U+1218E,NAAH,—,naah,house/building,Palenque Palace inscriptions,architecture term
U+1218F,EM,—,em,to descend,Palenque Cross Group,motion verb
U+12190,HUL,—,hul,to arrive,Quiriguá monuments,motion verb
U+12191,OCH,—,och,to enter,Yaxchilan lintels,motion verb
U+12192,EL,—,el,to burn/flame,Dresden Codex fire ceremonies,fire verb
U+12193,SUT,—,sut,to return,Caracol monuments,motion verb
U+12194,PIL,—,pil,to guard/protect,Bonampak battle scenes,protection verb
U+12195,JOL,—,jol,to gather,Madrid Codex agricultural scenes,collection verb
U+12196,KIM,—,kim,to die,Dresden Codex death tables,death verb
U+12197,KUX,—,kux,heart/center,Copán Altar Q,body part/location
U+12198,KUCH,—,kuch,burden/cargo,Madrid Codex merchant scenes,carrying term
U+12199,LAKAM,—,lakam,banner/standard,Bonampak Room 2,regalia term
U+1219A,MUYAL,—,muyal,cloud,Dresden Codex rain ceremonies,weather term
U+1219B,OKAB,—,okab,leg/foot,Madrid Codex human body,body part
U+1219C,YICH,—,yich,face/surface,Palenque portraits,body part/location
U+1219D,TZAK,—,tzak,conjure/count,Dresden Codex ritual tables,ritual verb
U+1219E,WITZ,—,witz,mountain/hill,place names throughout,geographic term
U+1219F,YAXCHE,—,yaxche,ceiba tree,Madrid Codex world tree,sacred tree
U+121A0,AHIIN,—,ahiin,crocodile,Dresden Codex zoomorphs,animal name
U+121A1,CH'AM,—,ch'am,to take/receive,Yaxchilan Lintel 24 Bird Jaguar,transitive verb
U+121A2,K'AL,—,k'al,to bind/tie/wrap,Palenque Sarcophagus binding scenes,action verb
U+121A3,PITZ,—,pitz,to play ball,Copán Ballcourt Marker A,sport verb
U+121A4,WAY,—,way,to sleep/dream/transform,Dresden Codex dream visions,transformation verb
U+121A5,LIW,—,liw,to rise/stand up,Quiriguá Stela E sunrise,motion verb
U+121A6,K'AB,—,k'ab,hand/arm,Madrid Codex human anatomy,body part
U+121A7,HOL,—,hol,head/top,Bonampak Room 1 portraits,body part
U+121A8,NE,—,ne,nose/tip/point,Palenque Palace Tablet,body part/location
U+121A9,CHI,—,chi,mouth/edge,Tikal Temple IV graffiti,body part/location
U+121AA,OTOOT,—,otoot,dwelling/home,Caracol residential contexts,architecture
U+121AB,TE',—,te',tree/wood/plant,Madrid Codex vegetation,natural term
U+121AC,AKBAL,—,akbal,night/darkness,Dresden Codex day names,temporal term
U+121AD,LIKIN,—,likin,east,Copán cardinal directions,directional term
U+121AE,CHIKIN,—,chikin,west,Tikal sunset references,directional term
U+121AF,XAMAN,—,xaman,north,Palenque cosmic directions,directional term
U+121B0,NOHOL,—,nohol,south,Caracol directional glyphs,directional term
U+121B1,HA',—,ha',water/rain,Dresden Codex rain ceremonies,natural element
U+121B2,K'AK',—,k'ak',fire/heat,Bonampak fire drilling scenes,natural element
U+121B3,IK',—,ik',wind/breath/spirit,Madrid Codex wind god,natural element
U+121B4,KAB,—,kab,earth/land,Palenque creation myths,natural element
U+121B5,CHAN,—,chan,sky/heaven/four,Dresden Codex cosmology,celestial term
U+121B6,CHAK,—,chak,red/great/rain god,Copán Altar Q rain deity,color/deity
U+121B7,K'AN,—,k'an,yellow/ripe/precious,Dresden Codex color symbolism,color term
U+121B8,YAX,—,yax,green/blue/first/precious,Palenque Triad creation,color/quality
U+121B9,EK',—,ek',black/dark/star,Madrid Codex stellar observations,color/celestial
U+121BA,BAHLAM,—,bahlam,jaguar,Yaxchilan jaguar warrior titles,animal name
U+121BB,TZUL,—,tzul,dog,Madrid Codex domestic animals,animal name
U+121BC,KUCH,—,kuch,quetzal bird,Copán feathered serpent,bird name
U+121BD,MO',—,mo',macaw,Bonampak bird imagery,bird name
U+121BE,K'UH,—,k'uh,god/sacred/divine,Palenque Triad temples,religious term
U+121BF,WAYAB,—,wayab,sorcerer/shaman,Bonampak captive scenes,religious role
U+121C0,AH K'IN,—,ah k'in,priest/daykeeper,Copán hierophant titles,religious role
U+121C1,ITZAM,—,itzam,Itzamna deity,Dresden Codex creator god,deity name
U+121C2,CHAAK,—,chaak,rain god Chaac,Copán rain ceremonies,deity name
U+121C3,K'AWIIL,—,k'awiil,lightning god,Palenque GI god references,deity name
U+121C4,K'INICH,—,k'inich,sun-faced lord,Palenque K'inich Janaab Pakal,solar deity
U+121C5,HUNAB KU,—,hunab ku,sole god/creator,Chilam Balam creation myths,supreme deity
U+121C6,ITZAMNAAJ,—,itzamnaaj,Itzamna full form,Dresden Codex creator references,deity name
U+121C7,BULUC CHABTAN,—,buluc chabtan,eleven rattlesnake god,Madrid Codex war deity,war deity
U+121C8,AH PUCH,—,ah puch,death god,Dresden Codex death tables,death deity
U+121C9,IX CHEL,—,ix chel,moon goddess,Palenque lunar calculations,lunar deity
U+121CA,KUKULKAN,—,kukulkan,feathered serpent,Chichen Itza Kukulkan temple,serpent deity
U+121CB,BAK'TUN,—,bak'tun,400-year period,Palenque Long Count dates,calendar term
U+121CC,K'ATUN,—,k'atun,20-year period,Caracol k'atun ending dates,calendar term
U+121CD,TUN,—,tun,360-day year,Quiriguá tun anniversary dates,calendar term
U+121CE,WINAL,—,winal,20-day month,Dresden Codex calendar pages,calendar term
U+121CF,K'IN,—,k'in,day/sun,Copán solar observations,temporal/solar term
U+121D0,POP,—,pop,first month name,Madrid Codex month sequence,month name
U+121D1,WO,—,wo,second month name,Dresden Codex Wo ceremonies,month name
U+121D2,SIP,—,sip,third month name,Caracol Sip month references,month name
U+121D3,SOTZ',—,sotz',fourth month name,Bonampak Sotz' rituals,month name
U+121D4,SEK,—,sek,fifth month name,Palenque Sek observations,month name
U+121D5,XUL,—,xul,sixth month name,Tikal Xul month dates,month name
U+121D6,YAXK'IN,—,yaxk'in,seventh month name,Copán Yaxk'in ceremonies,month name
U+121D7,MOL,—,mol,eighth month name,Dresden Codex Mol rituals,month name
U+121D8,CH'EN,—,ch'en,ninth month name,Caracol Ch'en well ceremonies,month name
U+121D9,YAX,—,yax,tenth month name,Palenque Yax green ceremonies,month name
U+121DA,SAK,—,sak,eleventh month name,Madrid Codex Sak white rituals,month name
U+121DB,KEH,—,keh,twelfth month name,Bonampak Keh deer ceremonies,month name
U+121DC,MAK,—,mak,thirteenth month name,Tikal Mak enclosure rituals,month name
U+121DD,K'ANK'IN,—,k'ank'in,fourteenth month name,Copán K'ank'in yellow sun,month name
U+121DE,MUWAN,—,muwan,fifteenth month name,Dresden Codex Muwan bird month,month name
U+121DF,PAX,—,pax,sixteenth month name,Caracol Pax planting time,month name
U+121E0,K'AYAB,—,k'ayab,seventeenth month name,Palenque K'ayab turtle month,month name
U+121E1,KUMK'U,—,kumk'u,eighteenth month name,Madrid Codex Kumk'u granary,month name
U+121E2,WAYEB,—,wayeb,unlucky five days,Dresden Codex Wayeb dangers,calendar term
U+121E3,TOK',—,tok',flint knife,Bonampak sacrifice scenes,weapon/tool
U+121E4,TAAJ,—,taaj,torch/fire,Palenque fire ceremonies,ritual implement
U+121E5,B'AHLAM,—,b'ahlam,jaguar pelt,Yaxchilan royal regalia,luxury item
U+121E6,K'AKAW,—,k'akaw,cacao/chocolate,Copán cacao god imagery,food/trade item
U+121E7,ITZAM TE',—,itzam te',world tree,Madrid Codex cosmic tree,cosmic symbol
U+121E8,WIK,—,wik,eight days/week,Dresden Codex ritual cycles,temporal unit
U+121E9,LAMAT,—,lamat,Venus/rabbit,Copán Venus observations,celestial body
U+121EA,MANIK',—,manik',hand/deer,Madrid Codex day sign,day sign
U+121EB,EB,—,eb,grass/road,Dresden Codex Eb day ceremonies,day sign
U+121EC,B'EN,—,b'en,reed/corn,Caracol agricultural references,day sign/plant
U+121ED,IX,—,ix,jaguar/feminine,Palenque Lady Six Sky title,day sign/gender
U+121EE,MEN,—,men,eagle/wise one,Bonampak eagle warrior,day sign/animal
U+121EF,K'IB',—,k'ib',vulture/wax,Tikal vulture symbolism,day sign/material
U+121F0,KABAN,—,kaban,earth/earthquake,Copán earth monster,day sign/natural
U+121F1,ETZ'NAB,—,etz'nab,flint/knife,Madrid Codex cutting tools,day sign/tool
U+121F2,KAWAK,—,kawak,storm/rain,Dresden Codex storm god,day sign/weather
U+121F3,AJAW,—,ajaw,lord/flower/sun,Palenque royal titles,day sign/title
U+121F4,IMIX,—,imix,crocodile/earth monster,Bonampak cosmic imagery,day sign/creature
U+121F5,B'ALAM,—,b'alam,hidden/occult,Chilam Balam prophecies,esoteric term
U+121F6,PIXAN,—,pixan,soul/spirit,Dresden Codex soul concepts,spiritual term
U+121F7,OL,—,ol,heart/consciousness,Palenque heart glyph,consciousness term
U+121F8,ITZAM KAB AIN,—,itzam kab ain,earth crocodile,Madrid Codex earth monster,cosmic creature
U+121F9,B'OLON TI K'U,—,b'olon ti k'u,nine lords of night,Dresden Codex underworld,underworld deities
U+121FA,OXLAHUN TI K'U,—,oxlahun ti k'u,thirteen lords of day,Palenque celestial hierarchy,celestial deities
U+121FB,WINIK HAAB,—,winik haab,man of twenty years,Caracol age designations,age term
U+121FC,K'UHU L,—,k'uhul,sacred/divine,Tikal divine kingship,divine quality
U+121FD,MUWAAN MAT,—,muwaan mat,hawk mat,Palenque mat symbol,authority symbol
U+121FE,SIHYAJ,—,sihyaj,born of/gift of,Tikal birth expressions,birth term
U+121FF,U B'AAH,—,u b'aah,his/her image,Copán portrait inscriptions,representation term
U+12200,YITAJ,—,yitaj,his/her companion,Yaxchilan alliance titles,relationship term
U+12201,Y-ICHNAL,—,y-ichnal,in the company of,Bonampak court scenes,social term
U+12202,TA-,—,ta,to/at/from,Palenque prepositions,preposition
U+12203,TI-,—,ti,to/at/in,Dresden Codex locatives,preposition
U+12204,ICHIL,—,ichil,within/inside,Caracol spatial references,locative
U+12205,YOKOL,—,yokol,upon/above,Madrid Codex spatial terms,locative
U+12206,ALAN,—,alan,beneath/under,Copán underworld references,locative
U+12207,NAAB',—,naab',pool/lake,Tikal water features,geographic feature
U+12208,PETÉN,—,petén,island/region,Petén geographic references,geographic term
U+12209,PUKTÉ,—,pukté,underworld tree,Dresden Codex underworld,cosmic tree
U+1220A,XIBALBA,—,xibalba,place of fear/underworld,Popol Vuh underworld,underworld realm
U+1220B,LAHUN,—,lahun,ten,Copán numerical inscriptions,numeral
U+1220C,BULUK,—,buluk,eleven,Palenque Long Count calculations,numeral
U+1220D,LAHKA,—,lahka,twelve,Dresden Codex mathematical tables,numeral
U+1220E,OXLAHUN,—,oxlahun,thirteen,Caracol thirteen-level cosmos,numeral
U+1220F,KANLAHUN,—,kanlahun,fourteen,Madrid Codex counting systems,numeral
U+12210,HOLAHUN,—,holahun,quinze,Bonampak numerical records,numeral
U+12211,WAKLAHUN,—,waklahun,sixteen,Tikal calendar calculations,numeral
U+12212,UUKLAHUN,—,uuklahun,seventeen,Quiriguá astronomical counts,numeral
U+12213,WAXAKLAHUN,—,waxaklahun,eighteen,Copán Venus table entries,numeral
U+12214,B'OLONLAHUN,—,b'olonlahun,nineteen,Dresden Codex eclipse tables,numeral
U+12215,JUN K'AL,—,jun k'al,twenty,Palenque vigesimal system,numeral/unit
U+12216,PAT,—,pat,to form/make/build,Bonampak construction scenes,creation verb
U+12217,MEN,—,men,to make/do/create,Madrid Codex creation myths,creation verb
U+12218,TZ'AP,—,tz'ap,to plant/set up,Caracol agricultural scenes,agricultural verb
U+12219,AL,—,al,to say/speak/tell,Yaxchilan speech scrolls,speech verb
U+1221A,WA,—,wa,to stand/exist,Palenque existence statements,existential verb
U+1221B,CHOK,—,chok,to scatter/throw,Dresden Codex ritual scattering,ritual verb
U+1221C,K'AL-,—,k'al,to count/bind,Copán calendar calculations,quantification verb
U+1221D,MUL,—,mul,to heap up/pile,Madrid Codex agricultural storage,accumulation verb
U+1221E,PETS,—,pets,to go around/encircle,Tikal circumambulation rituals,motion verb
U+1221F,TOOK',—,took',to burn incense,Bonampak incense burning,ritual verb
U+12220,CHUM,—,chum,to sit/be seated,Palenque throne scenes,positional verb
U+12221,WAL,—,wal,to stand up/arise,Caracol standing figures,positional verb
U+12222,K'OT,—,k'ot,to embrace/hold,Yaxchilan embrace scenes,contact verb
U+12223,TZUTZ,—,tzutz,to finish/complete,Dresden Codex completion rites,completion verb
U+12224,JOY,—,joy,to encircle/surround,Madrid Codex protection rituals,enclosure verb
U+12225,STAR,—,star,to spread out/unfold,Copán unfolding ceremonies,expansion verb
U+12226,CHEJ,—,chej,horse/deer,Bonampak animal imagery,animal name
U+12227,KEH,—,keh,deer,Tikal deer hunt scenes,animal name
U+12228,KITAM,—,kitam,peccary/pig,Madrid Codex wild pig,animal name
U+12229,JALEB,—,jaleb,weaver bird,Dresden Codex bird augury,bird name
U+1222A,TUKUR,—,tukur,owl,Caracol night bird omens,bird name
U+1222B,MUUT,—,muut,bird (generic),Palenque bird symbolism,bird category
U+1222C,KAR,—,kar,fish,Copán aquatic imagery,aquatic animal
U+1222D,AY,—,ay,crocodile/caiman,Bonampak water monster,aquatic animal
U+1222E,AKAN,—,akan,howler monkey,Tikal monkey scribes,primate name
U+1222F,MA'AX,—,ma'ax,spider monkey,Madrid Codex monkey patrons,primate name
U+12230,KOKOM,—,kokom,spider,Dresden Codex spider imagery,arthropod name
U+12231,XUUL,—,xuul,end/tip,Caracol terminus markers,termination term
U+12232,CHUM-WAN,—,chum-wan,seated lord,Palenque royal epithets,royal title
U+12233,K'INICH AJAW,—,k'inich ajaw,sun-faced lord,Copán solar ruler title,solar royal title
U+12234,KALOOMTE',—,kaloomte',overlord/supreme ruler,Tikal hegemonic titles,supreme title
U+12235,BAAH AJAW,—,baah ajaw,head lord/first lord,Yaxchilan primary ruler,ranking title
U+12236,YAJAW,—,yajaw,his lord/vassal,Bonampak vassalage expressions,relationship title
U+12237,U KAABAL,—,u kaabal,his province/domain,Caracol territorial claims,territorial term
U+12238,NAAH HO',—,naah ho',first house,Madrid Codex architectural hierarchy,architectural term
U+12239,OTOOT B'ALAM,—,otoot b'alam,jaguar house,Copán elite residence,architectural term
U+1223A,SUHUY,—,suhuy,virgin/pure,Dresden Codex ritual purity,ritual quality
U+1223B,CH'UL,—,ch'ul,holy/sacred,Palenque sacred kingship,sacred quality
U+1223C,ITZAM NA,—,itzam na,Itzamna house,Tikal cosmic house,cosmic structure
U+1223D,YOOX,—,yoox,first/beginning,Caracol inaugural expressions,temporal marker
U+1223E,K'AB'A,—,k'ab'a,name/title,Bonampak naming ceremonies,nomenclature term
U+1223F,B'I,—,b'i,go/walk/travel,Madrid Codex journey accounts,motion verb
U+12240,XIM-,—,xim,to go/depart,Dresden Codex departure scenes,departure verb
U+12241,TAL,—,tal,to come/arrive,Yaxchilan arrival scenes,arrival verb
U+12242,K'UCH,—,k'uch,to carry/bear,Copán burden-bearing imagery,carrying verb
U+12243,K'AX,—,k'ax,to tie/bind,Palenque captive binding,binding verb
U+12244,JATZ',—,jatz',to strike/hit,Bonampak warfare scenes,combat verb
U+12245,CH'AK,—,ch'ak,to chop/cut,Tikal decapitation imagery,cutting verb
U+12246,LOK',—,lok',to leave/emerge,Caracol emergence rituals,emergence verb
U+12247,YUKUL,—,yukul,to shake/tremble,Madrid Codex earthquake signs,motion verb
U+12248,NIK,—,nik,flower/bloom,Dresden Codex flowering cycles,botanical term
U+12249,ITZAM YE,—,itzam ye,ceiba tree,Copán cosmic tree imagery,sacred tree
U+1224A,AK',—,ak',turtle,Palenque constellation imagery,animal/constellation
U+1224B,KUSAM,—,kusam,swallow bird,Madrid Codex messenger birds,bird name
U+1224C,YAAL,—,yaal,child/offspring,Bonampak dynastic succession,kinship term
U+1224D,ATAN,—,atan,wife/spouse,Yaxchilan royal marriages,kinship term
U+1224E,MAMA,—,mama,grandfather/ancestor,Tikal ancestral references,kinship term
U+1224F,MAAM,—,maam,grandfather/elder,Caracol elder titles,kinship term
U+12250,IXIK,—,ixik,woman/lady,Copán female titles,gender term
U+12251,XIIB',—,xiib',man/male,Dresden Codex gender markers,gender term
U+12252,PAL,—,pal,to dawn/sunrise,Palenque dawn ceremonies,temporal verb
U+12253,EME,—,eme,to descend/set,Madrid Codex sunset rituals,temporal verb
U+12254,LIKIN-,—,likin,east/sunrise,Bonampak cardinal directions,directional prefix
U+12255,OCH K'IN,—,och k'in,sunset/west,Tikal solar observations,temporal compound
U+12256,SAK NIK TE',—,sak nik te',white flower tree,Caracol botanical imagery,botanical compound
U+12257,YAXHAL WINIK,—,yaxhal winik,first true man,Copán creation mythology,mythological term
U+12258,ITZAM KAB,—,itzam kab,crocodile earth,Dresden Codex earth imagery,cosmic compound
U+12259,BOL,—,bol,to pay tribute,Madrid Codex tribute scenes,economic verb
U+1225A,K'EX,—,k'ex,to change/exchange,Yaxchilan exchange ceremonies,exchange verb
U+1225B,TZ'IB',—,tz'ib',to write/paint,Copán scribal activities,scribal verb
U+1225C,IL,—,il,to see/observe,Bonampak vision quests,perception verb
U+1225D,UB'AH,—,ub'ah,it happened,Palenque historical narratives,narrative marker
U+1225E,TA-YI,—,ta-yi,then/afterwards,Tikal sequential markers,temporal conjunction
